1WPmedium_1DBmedium , author , 0020 , 30.602272727272727 , 137 , 17 , 8079 , .21042208194083426166 , 497
1WPmedium_1DBmedium , author , 0040 , 53.67687074829932 , 245 , 33 , 15781 , .20911222355997718775 , 808
1WPmedium_1DBmedium , author , 0060 , 65.6005291005291 , 585 , 40 , 24797 , .16130983586724200508 , 1373
1WPmedium_1DBmedium , author , 0080 , 68.98301486199576 , 1207 , 62 , 32491 , .19082207380505370718 , 2219
1WPmedium_1DBmedium , author , 0100 , 70.61092150170649 , 1855 , 67 , 41378 , .16192179419014935472 , 3312
1WPmedium_1DBmedium , author , 0120 , 71.03115727002967 , 2417 , 938 , 47875 , 1.95926892950391644908 , 4122
1WPmedium_1DBmedium , author , 0140 , 72.78191489361703 , 2671 , 2116 , 54732 , 3.86611123291675802090 , 4618
1WPmedium_1DBmedium , author , 0160 , 73.05504587155963 , 3035 , 1643 , 63704 , 2.57911591108878563355 , 5383
1WPmedium_1DBmedium , author , 0180 , 72.66127401415571 , 3381 , 2350 , 71862 , 3.27015668920987448164 , 5887
1WPmedium_1DBmedium , author , 0200 , 75.74389051808407 , 3437 , 5594 , 77486 , 7.21936866014505846217 , 6178
1WPmedium_1DBmedium , author , 0220 , 70.11038430089943 , 3479 , 4721 , 85745 , 5.50586040002332497521 , 6278
1WPmedium_1DBmedium , author , 0240 , 80.80442804428044 , 3563 , 7876 , 87592 , 8.99168873869759795415 , 6778
1WPmedium_1DBmedium , author , 0260 , 80.55453788509575 , 3682 , 9062 , 96746 , 9.36679552643003328302 , 7148
1WPmedium_1DBmedium , author , 0280 , 83.62668784749802 , 3679 , 11341 , 105286 , 10.77161256007446384134 , 7238
1WPmedium_1DBmedium , author , 0300 , 86.48459616985845 , 3780 , 13850 , 103868 , 13.33423190973158239303 , 7230
1WPmedium_1DBmedium , author , 0320 , 83.82599118942731 , 3874 , 15193 , 114171 , 13.30723213425475821355 , 7675
1WPmedium_1DBmedium , author , 0340 , 83.1194659170766 , 3973 , 15499 , 118279 , 13.10376313631329314586 , 7736
1WPmedium_1DBmedium , author , 0360 , 86.35740072202167 , 3972 , 19432 , 119605 , 16.24681242422975628109 , 8112
1WPmedium_1DBmedium , author , 0380 , 85.89477124183007 , 3879 , 17892 , 131419 , 13.61446974942740395224 , 8065
1WPmedium_1DBmedium , author , 0400 , 89.07544581618656 , 3922 , 20973 , 129872 , 16.14897745472465196501 , 8310
1WPmedium_1DBmedium , editor , 0020 , 26.261682242990656 , 163 , 0 , 5620 , 0 , 491
1WPmedium_1DBmedium , editor , 0040 , 48.034188034188034 , 287 , 0 , 11240 , 0 , 846
1WPmedium_1DBmedium , editor , 0060 , 55.46052631578947 , 781 , 0 , 16860 , 0 , 1590
1WPmedium_1DBmedium , editor , 0080 , 60.59299191374663 , 1438 , 0 , 22480 , 0 , 2249
1WPmedium_1DBmedium , editor , 0100 , 62.030905077262695 , 2114 , 46 , 28100 , .16370106761565836298 , 3113
1WPmedium_1DBmedium , editor , 0120 , 62.80761904761905 , 2722 , 505 , 32974 , 1.53150967428883362649 , 4125
1WPmedium_1DBmedium , editor , 0140 , 62.68627450980392 , 3211 , 833 , 38364 , 2.17130643311437806276 , 5229
1WPmedium_1DBmedium , editor , 0160 , 63.72069464544139 , 3478 , 1578 , 44031 , 3.58383865912652449410 , 5662
1WPmedium_1DBmedium , editor , 0180 , 65.27941176470588 , 3706 , 2084 , 48829 , 4.26795551823711319093 , 6029
1WPmedium_1DBmedium , editor , 0200 , 65.015606242497 , 4083 , 3152 , 54158 , 5.82000812437682336866 , 6896
1WPmedium_1DBmedium , editor , 0220 , 67.03386004514672 , 4084 , 3885 , 59392 , 6.54128502155172413793 , 6780
1WPmedium_1DBmedium , editor , 0240 , 68.21961620469084 , 4240 , 5076 , 63990 , 7.93248945147679324894 , 7128
1WPmedium_1DBmedium , editor , 0260 , 70.148033126294 , 4269 , 6577 , 67763 , 9.70588669332821746380 , 7439
1WPmedium_1DBmedium , editor , 0280 , 72.35401831129197 , 4239 , 7314 , 71124 , 10.28344862493673021764 , 7415
1WPmedium_1DBmedium , editor , 0300 , 73.79716981132076 , 4278 , 9421 , 78225 , 12.04346436561201661872 , 7671
1WPmedium_1DBmedium , editor , 0320 , 74.24508886810104 , 4429 , 10499 , 79368 , 13.22825320028222961395 , 7955
1WPmedium_1DBmedium , editor , 0340 , 71.29083333333334 , 4593 , 10321 , 85549 , 12.06443091093992916340 , 8459
1WPmedium_1DBmedium , editor , 0360 , 77.21020761245674 , 4336 , 13290 , 89255 , 14.88992213321382555599 , 7964
1WPmedium_1DBmedium , editor , 0380 , 76.1264367816092 , 4557 , 14005 , 92722 , 15.10429024395504842432 , 8610
1WPmedium_1DBmedium , editor , 0400 , 78.60769860769861 , 4591 , 15190 , 95980 , 15.82621379454052927693 , 8641
1WPmedium_1DBmedium , shopmanager , 0020 , 33.36241610738255 , 97 , 16 , 9942 , .16093341380004023335 , 331
1WPmedium_1DBmedium , shopmanager , 0040 , 61.54320987654321 , 196 , 30 , 19940 , .15045135406218655967 , 717
1WPmedium_1DBmedium , shopmanager , 0060 , 74.29177057356608 , 500 , 42 , 29791 , .14098217582491356449 , 1254
1WPmedium_1DBmedium , shopmanager , 0080 , 76.92814371257485 , 1026 , 66 , 38541 , .17124620533976803923 , 2025
1WPmedium_1DBmedium , shopmanager , 0100 , 80.97723577235773 , 1564 , 196 , 49801 , .39356639424911146362 , 2983
1WPmedium_1DBmedium , shopmanager , 0120 , 77.52110817941953 , 2210 , 220 , 58761 , .37439798505811677813 , 3821
1WPmedium_1DBmedium , shopmanager , 0140 , 77.93254437869822 , 2549 , 1440 , 65853 , 2.18668853355200218668 , 4523
1WPmedium_1DBmedium , shopmanager , 0160 , 78.21858500527983 , 2799 , 2361 , 74073 , 3.18739621724515005467 , 5078
1WPmedium_1DBmedium , shopmanager , 0180 , 79.15211267605633 , 3041 , 2992 , 84297 , 3.54935525582167811428 , 5677
1WPmedium_1DBmedium , shopmanager , 0200 , 81.9341749323715 , 3160 , 5903 , 90865 , 6.49645077862763440268 , 5877
1WPmedium_1DBmedium , shopmanager , 0220 , 77.49920127795527 , 3594 , 7055 , 97029 , 7.27102206556802605406 , 6614
1WPmedium_1DBmedium , shopmanager , 0240 , 85.63807890222985 , 3324 , 9334 , 99854 , 9.34764756544555050373 , 6341
1WPmedium_1DBmedium , shopmanager , 0260 , 84.6909643128322 , 3492 , 11630 , 111538 , 10.42693969768150764761 , 6671
1WPmedium_1DBmedium , shopmanager , 0280 , 82.23741007194245 , 3650 , 11292 , 114310 , 9.87840083982153792319 , 6958
1WPmedium_1DBmedium , shopmanager , 0300 , 87.84552289815447 , 3637 , 13194 , 128518 , 10.26626620395586610435 , 7208
1WPmedium_1DBmedium , shopmanager , 0320 , 84.80796864794252 , 3745 , 15983 , 129841 , 12.30967105921858272810 , 7468
1WPmedium_1DBmedium , shopmanager , 0340 , 87.20415224913495 , 3635 , 17583 , 126010 , 13.95365447186731211808 , 7395
1WPmedium_1DBmedium , shopmanager , 0360 , 91.7550471063257 , 3683 , 19526 , 136348 , 14.32070877460615483908 , 7481
1WPmedium_1DBmedium , shopmanager , 0380 , 94.29089664613278 , 3845 , 26197 , 137759 , 19.01654338373536393266 , 7990
1WPmedium_1DBmedium , shopmanager , 0400 , 92.25991189427313 , 3880 , 23468 , 146601 , 16.00807634327187399813 , 8046
1WPmedium_1DBmedium , userreader , 0020 , 25.951219512195124 , 178 , 0 , 5320 , 0 , 556
1WPmedium_1DBmedium , userreader , 0040 , 45.08474576271186 , 376 , 0 , 10640 , 0 , 1080
1WPmedium_1DBmedium , userreader , 0060 , 50.99041533546326 , 965 , 0 , 15960 , 0 , 2017
1WPmedium_1DBmedium , userreader , 0080 , 58.3013698630137 , 1466 , 0 , 21280 , 0 , 2495
1WPmedium_1DBmedium , userreader , 0100 , 59.24276169265033 , 2149 , 1 , 26600 , .00375939849624060150 , 3549
1WPmedium_1DBmedium , userreader , 0120 , 59.264150943396224 , 2896 , 296 , 31410 , .94237503979624323463 , 4845
1WPmedium_1DBmedium , userreader , 0140 , 61.04477611940298 , 3290 , 585 , 36810 , 1.58924205378973105134 , 5539
1WPmedium_1DBmedium , userreader , 0160 , 62.007496251874066 , 3685 , 1362 , 41359 , 3.29311637128557266858 , 6008
1WPmedium_1DBmedium , userreader , 0180 , 61.597419354838706 , 3850 , 1436 , 47738 , 3.00808580166743474799 , 6364
1WPmedium_1DBmedium , userreader , 0200 , 67.78064516129032 , 3861 , 3931 , 52530 , 7.48334285170378831144 , 6613
1WPmedium_1DBmedium , userreader , 0220 , 63.91245791245791 , 4345 , 3408 , 56946 , 5.98461700558423769887 , 7560
1WPmedium_1DBmedium , userreader , 0240 , 67.57453754080522 , 4428 , 7528 , 62101 , 12.12218804850163443422 , 7948
1WPmedium_1DBmedium , userreader , 0260 , 65.09777347531461 , 4569 , 5271 , 67246 , 7.83838443922315081937 , 8192
1WPmedium_1DBmedium , userreader , 0280 , 69.56781376518218 , 4391 , 6895 , 68733 , 10.03157144312048070068 , 8112
1WPmedium_1DBmedium , userreader , 0300 , 69.21042654028436 , 4781 , 8716 , 73017 , 11.93694619061314488406 , 8887
1WPmedium_1DBmedium , userreader , 0320 , 68.20900900900901 , 4916 , 10484 , 75712 , 13.84721048182586644125 , 9384
1WPmedium_1DBmedium , userreader , 0340 , 73.05834092980857 , 4747 , 12864 , 80145 , 16.05090772973984652816 , 8787
1WPmedium_1DBmedium , userreader , 0360 , 80.3348880597015 , 4606 , 18427 , 86119 , 21.39713652039619596140 , 9069
1WPmedium_1DBmedium , userreader , 0380 , 73.16419141914191 , 4740 , 13204 , 88675 , 14.89032985621652100366 , 9071
1WPmedium_1DBmedium , userreader , 0400 , 74.08566581849024 , 4857 , 15301 , 87347 , 17.51748772138711117725 , 9684
2WPmedium_1DBmedium , author , 0020 , 31.428044280442805 , 135 , 14 , 8517 , .16437712809674768110 , 392
2WPmedium_1DBmedium , author , 0040 , 53.067796610169495 , 195 , 35 , 15655 , .22357074417119131267 , 690
2WPmedium_1DBmedium , author , 0060 , 67.7590027700831 , 354 , 44 , 24461 , .17987817341891173705 , 1305
2WPmedium_1DBmedium , author , 0080 , 74.23423423423424 , 547 , 59 , 32960 , .17900485436893203883 , 2091
2WPmedium_1DBmedium , author , 0100 , 78.9306358381503 , 748 , 80 , 40965 , .19528866105211766141 , 2798
2WPmedium_1DBmedium , author , 0120 , 78.31687898089172 , 1026 , 93 , 49183 , .18908972612488054815 , 3763
2WPmedium_1DBmedium , author , 0140 , 78.54722222222222 , 1226 , 157 , 56554 , .27761077907840294232 , 4396
2WPmedium_1DBmedium , author , 0160 , 77.09642857142858 , 1486 , 248 , 64761 , .38294652645882552770 , 5324
2WPmedium_1DBmedium , author , 0180 , 81.38302752293578 , 1677 , 507 , 70966 , .71442662683538595947 , 5658
2WPmedium_1DBmedium , author , 0200 , 85.08333333333333 , 1804 , 1111 , 73512 , 1.51131788007400152356 , 6026
2WPmedium_1DBmedium , author , 0220 , 86.20303383897316 , 1982 , 1689 , 73876 , 2.28626346851480859819 , 6410
2WPmedium_1DBmedium , author , 0240 , 87.09929906542057 , 2131 , 2170 , 74557 , 2.91052483334898131630 , 6360
2WPmedium_1DBmedium , author , 0260 , 93.38875 , 2083 , 3134 , 74711 , 4.19483074781491346655 , 6415
2WPmedium_1DBmedium , author , 0280 , 95.07881773399015 , 2258 , 3571 , 77204 , 4.62540800994767110512 , 6561
2WPmedium_1DBmedium , author , 0300 , 95.99481865284974 , 2160 , 4397 , 74108 , 5.93323257947859880174 , 6504
2WPmedium_1DBmedium , author , 0320 , 95.58419689119171 , 2259 , 5369 , 73791 , 7.27595506227046658806 , 6663
2WPmedium_1DBmedium , author , 0340 , 92.36860465116278 , 2914 , 5144 , 79437 , 6.47557183680149048931 , 7210
2WPmedium_1DBmedium , author , 0360 , 91.7390873015873 , 3983 , 4961 , 92473 , 5.36480918754663523406 , 8254
2WPmedium_1DBmedium , author , 0380 , 100.22165605095542 , 2620 , 6642 , 78674 , 8.44243333248595469913 , 6924
2WPmedium_1DBmedium , author , 0400 , 100.82391590013141 , 2701 , 7950 , 76727 , 10.36141123724373427867 , 6945
2WPmedium_1DBmedium , editor , 0020 , 26.47887323943662 , 141 , 0 , 5640 , 0 , 356
2WPmedium_1DBmedium , editor , 0040 , 46.04081632653061 , 238 , 0 , 11280 , 0 , 696
2WPmedium_1DBmedium , editor , 0060 , 59.16083916083916 , 420 , 0 , 16920 , 0 , 1235
2WPmedium_1DBmedium , editor , 0080 , 65.77259475218659 , 661 , 0 , 22560 , 0 , 1982
2WPmedium_1DBmedium , editor , 0100 , 69.45812807881774 , 922 , 0 , 28200 , 0 , 2741
2WPmedium_1DBmedium , editor , 0120 , 70.35343035343035 , 1250 , 0 , 33840 , 0 , 3562
2WPmedium_1DBmedium , editor , 0140 , 70.89048473967684 , 1649 , 0 , 39486 , 0 , 4471
2WPmedium_1DBmedium , editor , 0160 , 73.42463533225283 , 1962 , 16 , 45303 , .03531774937642098757 , 5167
2WPmedium_1DBmedium , editor , 0180 , 74.50759878419453 , 2163 , 220 , 49026 , .44874148411047199445 , 5756
2WPmedium_1DBmedium , editor , 0200 , 75.98516320474778 , 2324 , 548 , 51214 , 1.07001991642910141758 , 6124
2WPmedium_1DBmedium , editor , 0220 , 77.06446776611695 , 2567 , 1037 , 51402 , 2.01743122835687327341 , 6459
2WPmedium_1DBmedium , editor , 0240 , 79.49927219796216 , 2780 , 1313 , 54616 , 2.40405741907133440749 , 6616
2WPmedium_1DBmedium , editor , 0260 , 81.12 , 3280 , 1499 , 58812 , 2.54879956471468407807 , 6967
2WPmedium_1DBmedium , editor , 0280 , 84.27785419532324 , 3394 , 1935 , 61270 , 3.15815244001958544148 , 7061
2WPmedium_1DBmedium , editor , 0300 , 84.7568988173456 , 3841 , 2175 , 64500 , 3.37209302325581395348 , 7439
2WPmedium_1DBmedium , editor , 0320 , 86.1087231352718 , 4144 , 2571 , 68112 , 3.77466525722339675828 , 7890
2WPmedium_1DBmedium , editor , 0340 , 82.66370558375634 , 4336 , 3122 , 65139 , 4.79282764549655352400 , 8209
2WPmedium_1DBmedium , editor , 0360 , 83.12244897959184 , 4888 , 3350 , 73314 , 4.56938647461603513653 , 8692
2WPmedium_1DBmedium , editor , 0380 , 88.02176278563657 , 5120 , 3641 , 80892 , 4.50106314592295900707 , 9050
2WPmedium_1DBmedium , editor , 0400 , 90.57401490947817 , 5469 , 4228 , 85049 , 4.97125186657103552069 , 9490
2WPmedium_1DBmedium , shopmanager , 0020 , 31.77133105802048 , 99 , 19 , 9309 , .20410355569878612095 , 299
2WPmedium_1DBmedium , shopmanager , 0040 , 57.621212121212125 , 166 , 34 , 19015 , .17880620562713647120 , 568
2WPmedium_1DBmedium , shopmanager , 0060 , 74.72890025575448 , 310 , 43 , 29219 , .14716451623943324549 , 1142
2WPmedium_1DBmedium , shopmanager , 0080 , 85.36402569593147 , 453 , 62 , 39865 , .15552489652577448890 , 1885
2WPmedium_1DBmedium , shopmanager , 0100 , 86.02329749103943 , 676 , 78 , 48001 , .16249661465386137788 , 2625
2WPmedium_1DBmedium , shopmanager , 0120 , 86.73025335320418 , 887 , 143 , 58196 , .24572135541961646848 , 3218
2WPmedium_1DBmedium , shopmanager , 0140 , 84.54568854568855 , 1221 , 227 , 65692 , .34555196979845338854 , 4050
2WPmedium_1DBmedium , shopmanager , 0160 , 86.98358733880423 , 1471 , 361 , 74197 , .48654258258420151758 , 4660
2WPmedium_1DBmedium , shopmanager , 0180 , 84.12513842746401 , 1667 , 838 , 75965 , 1.10313960376489172645 , 5272
2WPmedium_1DBmedium , shopmanager , 0200 , 88.37486457204767 , 1747 , 1302 , 81570 , 1.59617506436189775652 , 5650
2WPmedium_1DBmedium , shopmanager , 0220 , 88.76033934252386 , 1906 , 1768 , 83701 , 2.11228061791376447115 , 5836
2WPmedium_1DBmedium , shopmanager , 0240 , 91.47418335089569 , 2405 , 2142 , 86809 , 2.46748609015194277091 , 6145
2WPmedium_1DBmedium , shopmanager , 0260 , 94.6788899900892 , 2547 , 2534 , 95531 , 2.65254210675068825826 , 6371
2WPmedium_1DBmedium , shopmanager , 0280 , 94.83091787439614 , 3050 , 2861 , 98150 , 2.91492613346917982679 , 6692
2WPmedium_1DBmedium , shopmanager , 0300 , 93.56691449814126 , 3458 , 3442 , 100678 , 3.41882039770356979677 , 7192
2WPmedium_1DBmedium , shopmanager , 0320 , 96.12488436632748 , 3497 , 4195 , 103911 , 4.03710867954307051226 , 7391
2WPmedium_1DBmedium , shopmanager , 0340 , 93.72583333333333 , 3940 , 4366 , 112471 , 3.88188955375163375447 , 7863
2WPmedium_1DBmedium , shopmanager , 0360 , 93.35650767987066 , 4359 , 5233 , 115482 , 4.53144212950936076618 , 8339
2WPmedium_1DBmedium , shopmanager , 0380 , 92.93994211287989 , 4649 , 5720 , 128443 , 4.45333727801437213394 , 8568
2WPmedium_1DBmedium , shopmanager , 0400 , 93.74980079681275 , 4701 , 7207 , 117656 , 6.12548446318079825933 , 8865
2WPmedium_1DBmedium , userreader , 0020 , 26.20689655172414 , 164 , 0 , 5320 , 0 , 758
2WPmedium_1DBmedium , userreader , 0040 , 47.5 , 209 , 0 , 10640 , 0 , 639
2WPmedium_1DBmedium , userreader , 0060 , 58.46153846153846 , 455 , 0 , 15960 , 0 , 1337
2WPmedium_1DBmedium , userreader , 0080 , 64.68085106382979 , 688 , 0 , 21280 , 0 , 2122
2WPmedium_1DBmedium , userreader , 0100 , 67.17171717171718 , 1008 , 0 , 26600 , 0 , 3026
2WPmedium_1DBmedium , userreader , 0120 , 68.49785407725322 , 1377 , 1 , 31920 , .00313283208020050125 , 3838
2WPmedium_1DBmedium , userreader , 0140 , 69.73831775700934 , 1699 , 0 , 37310 , 0 , 4779
2WPmedium_1DBmedium , userreader , 0160 , 71.77609427609427 , 1992 , 26 , 42635 , .06098276064266447754 , 5450
2WPmedium_1DBmedium , userreader , 0180 , 72.8906497622821 , 2232 , 208 , 45994 , .45223289994347088750 , 5957
2WPmedium_1DBmedium , userreader , 0200 , 75.05855161787365 , 2357 , 468 , 48713 , .96072916880504177529 , 6543
2WPmedium_1DBmedium , userreader , 0220 , 76.77215189873418 , 2469 , 926 , 48520 , 1.90849134377576257213 , 6713
2WPmedium_1DBmedium , userreader , 0240 , 79.44923076923077 , 2731 , 1188 , 51642 , 2.30045311955385151620 , 6846
2WPmedium_1DBmedium , userreader , 0260 , 81.03395061728395 , 2944 , 1570 , 52510 , 2.98990668444105884593 , 7062
2WPmedium_1DBmedium , userreader , 0280 , 83.07381615598885 , 3516 , 1555 , 59647 , 2.60700454339698559860 , 7413
2WPmedium_1DBmedium , userreader , 0300 , 81.66850068775791 , 3804 , 2169 , 59373 , 3.65317568591784144308 , 8258
2WPmedium_1DBmedium , userreader , 0320 , 86.77209944751381 , 3899 , 2343 , 62823 , 3.72952581061076357385 , 7880
2WPmedium_1DBmedium , userreader , 0340 , 80.16916780354707 , 4239 , 3055 , 58764 , 5.19876114628003539582 , 8256
2WPmedium_1DBmedium , userreader , 0360 , 88.20253164556962 , 4670 , 3391 , 69680 , 4.86653272101033295063 , 8870
2WPmedium_1DBmedium , userreader , 0380 , 86.71220159151194 , 4561 , 3551 , 65381 , 5.43124149217662623698 , 8826
2WPmedium_1DBmedium , userreader , 0400 , 86.7973154362416 , 4732 , 5340 , 64664 , 8.25807249783496226648 , 9088
3WPmedium_1DBmedium , author , 0020 , 31.203703703703702 , 110 , 16 , 8425 , .18991097922848664688 , 408
3WPmedium_1DBmedium , author , 0040 , 54.81028938906753 , 201 , 32 , 17046 , .18772732605889944855 , 903
3WPmedium_1DBmedium , author , 0060 , 62.262650602409636 , 400 , 46 , 25839 , .17802546538178722086 , 1684
3WPmedium_1DBmedium , author , 0080 , 73.26349892008639 , 531 , 65 , 33921 , .19162170926564664956 , 2234
3WPmedium_1DBmedium , author , 0100 , 72.20318021201413 , 760 , 99 , 40867 , .24224924755915530868 , 3057
3WPmedium_1DBmedium , author , 0120 , 74.65465465465465 , 989 , 118 , 49720 , .23732904263877715205 , 3965
3WPmedium_1DBmedium , author , 0140 , 73.54801536491678 , 1190 , 197 , 57441 , .34296060305356800891 , 4753
3WPmedium_1DBmedium , author , 0160 , 73.70090293453724 , 1412 , 277 , 65299 , .42420251458674711710 , 5537
3WPmedium_1DBmedium , author , 0180 , 75.54614549402822 , 1563 , 631 , 69578 , .90689585788611342665 , 6012
3WPmedium_1DBmedium , author , 0200 , 78.20805369127517 , 1515 , 1384 , 69918 , 1.97946165508166709574 , 6326
3WPmedium_1DBmedium , author , 0220 , 74.92613636363636 , 1578 , 2228 , 65935 , 3.37908546295594145749 , 6547
3WPmedium_1DBmedium , author , 0240 , 90.8970189701897 , 1435 , 2763 , 67082 , 4.11883962911064070838 , 5977
3WPmedium_1DBmedium , author , 0260 , 91.41496598639456 , 1383 , 3374 , 67190 , 5.02158059235005209108 , 6032
3WPmedium_1DBmedium , author , 0280 , 95.9971870604782 , 1363 , 3930 , 68254 , 5.75790429864916341899 , 5997
3WPmedium_1DBmedium , author , 0300 , 105.57959814528593 , 1293 , 4603 , 68310 , 6.73839847752891231152 , 5769
3WPmedium_1DBmedium , author , 0320 , 109.0576923076923 , 1314 , 5190 , 68052 , 7.62652089578557573620 , 5683
3WPmedium_1DBmedium , author , 0340 , 110.99025974025975 , 1275 , 5828 , 68370 , 8.52420652332894544390 , 5575
3WPmedium_1DBmedium , author , 0360 , 106.06163328197226 , 1250 , 6359 , 68834 , 9.23816718482145451375 , 5668
3WPmedium_1DBmedium , author , 0380 , 116.43739279588337 , 1241 , 7000 , 67883 , 10.31186011225196293622 , 5500
3WPmedium_1DBmedium , author , 0400 , 116.13879598662207 , 1283 , 7536 , 69451 , 10.85081568299952484485 , 5487
3WPmedium_1DBmedium , editor , 0020 , 26.824644549763033 , 121 , 0 , 5660 , 0 , 321
3WPmedium_1DBmedium , editor , 0040 , 48.793103448275865 , 220 , 0 , 11320 , 0 , 602
3WPmedium_1DBmedium , editor , 0060 , 61.07913669064748 , 373 , 0 , 16980 , 0 , 1123
3WPmedium_1DBmedium , editor , 0080 , 67.18100890207715 , 584 , 0 , 22640 , 0 , 1865
3WPmedium_1DBmedium , editor , 0100 , 71.28463476070529 , 797 , 0 , 28300 , 0 , 2651
3WPmedium_1DBmedium , editor , 0120 , 73.34773218142549 , 1021 , 0 , 33960 , 0 , 3446
3WPmedium_1DBmedium , editor , 0140 , 74.33395872420263 , 1270 , 0 , 39620 , 0 , 4364
3WPmedium_1DBmedium , editor , 0160 , 75.66722408026756 , 1510 , 27 , 45249 , .05966982695750182324 , 5174
3WPmedium_1DBmedium , editor , 0180 , 76.5984375 , 1690 , 219 , 49023 , .44672908634722477204 , 5892
3WPmedium_1DBmedium , editor , 0200 , 77.63291139240506 , 1767 , 680 , 49064 , 1.38594488830914723626 , 6223
3WPmedium_1DBmedium , editor , 0220 , 80.27687296416939 , 1827 , 1220 , 49290 , 2.47514708865895719212 , 6339
3WPmedium_1DBmedium , editor , 0240 , 83.12027491408935 , 1811 , 1805 , 48376 , 3.73118901934843724160 , 6308
3WPmedium_1DBmedium , editor , 0260 , 85.37209302325581 , 1791 , 2351 , 47723 , 4.92634578714665884374 , 6296
3WPmedium_1DBmedium , editor , 0280 , 87.30018416206262 , 1777 , 2869 , 47404 , 6.05223187916631507889 , 6185
3WPmedium_1DBmedium , editor , 0300 , 91.62648221343873 , 1652 , 3471 , 46363 , 7.48657334512434484394 , 6097
3WPmedium_1DBmedium , editor , 0320 , 92.42544731610337 , 1605 , 3944 , 46490 , 8.48354484835448483544 , 6077
3WPmedium_1DBmedium , editor , 0340 , 95.79002079002079 , 1610 , 4470 , 46075 , 9.70157352143244709712 , 6032
3WPmedium_1DBmedium , editor , 0360 , 94.75806451612904 , 1555 , 4905 , 47000 , 10.43617021276595744680 , 5958
3WPmedium_1DBmedium , editor , 0380 , 98.19096509240246 , 1693 , 5308 , 47819 , 11.10019030092641000439 , 6015
3WPmedium_1DBmedium , editor , 0400 , 100.76701030927835 , 1854 , 5752 , 48872 , 11.76952037976755606482 , 6080
3WPmedium_1DBmedium , shopmanager , 0020 , 32.30927835051546 , 93 , 19 , 9402 , .20208466283769410763 , 281
3WPmedium_1DBmedium , shopmanager , 0040 , 57.17737003058104 , 167 , 31 , 18697 , .16580200032090709739 , 612
3WPmedium_1DBmedium , shopmanager , 0060 , 77.53034300791556 , 267 , 44 , 29384 , .14974135583991287775 , 1015
3WPmedium_1DBmedium , shopmanager , 0080 , 84.95434782608696 , 428 , 60 , 39079 , .15353514675401110570 , 1797
3WPmedium_1DBmedium , shopmanager , 0100 , 85.91413237924866 , 629 , 80 , 48026 , .16657643776287844084 , 2631
3WPmedium_1DBmedium , shopmanager , 0120 , 90.71495327102804 , 775 , 103 , 58239 , .17685743230481292604 , 3223
3WPmedium_1DBmedium , shopmanager , 0140 , 91.25471698113208 , 978 , 164 , 67711 , .24220584543131839730 , 3935
3WPmedium_1DBmedium , shopmanager , 0160 , 88.4964200477327 , 1161 , 354 , 74160 , .47734627831715210355 , 4719
3WPmedium_1DBmedium , shopmanager , 0180 , 89.4733257661748 , 1282 , 775 , 78826 , .98317813919265217060 , 5262
3WPmedium_1DBmedium , shopmanager , 0200 , 90.83060747663552 , 1361 , 1465 , 77751 , 1.88422013864773443428 , 5547
3WPmedium_1DBmedium , shopmanager , 0220 , 95.5933806146572 , 1345 , 2112 , 80872 , 2.61153427638737758433 , 5605
3WPmedium_1DBmedium , shopmanager , 0240 , 96.84217016029594 , 1357 , 2850 , 78539 , 3.62877041979144119482 , 5689
3WPmedium_1DBmedium , shopmanager , 0260 , 99.07369758576874 , 1346 , 3579 , 77971 , 4.59016813943645714432 , 5639
3WPmedium_1DBmedium , shopmanager , 0280 , 107.14461118690313 , 1235 , 4443 , 78537 , 5.65720615760724244623 , 5384
3WPmedium_1DBmedium , shopmanager , 0300 , 107.49450549450549 , 1249 , 5055 , 78256 , 6.45956859537926804334 , 5418
3WPmedium_1DBmedium , shopmanager , 0320 , 111.35766423357664 , 1245 , 5805 , 76280 , 7.61012060828526481384 , 5389
3WPmedium_1DBmedium , shopmanager , 0340 , 116.97109826589596 , 1183 , 6354 , 80944 , 7.84987151610990314291 , 5276
3WPmedium_1DBmedium , shopmanager , 0360 , 113.68281938325991 , 1229 , 7022 , 77418 , 9.07024206256942829832 , 5382
3WPmedium_1DBmedium , shopmanager , 0380 , 116.00299401197604 , 1257 , 7720 , 77490 , 9.96257581623435281971 , 5426
3WPmedium_1DBmedium , shopmanager , 0400 , 117.71130952380952 , 1441 , 8364 , 79102 , 10.57368966650653586508 , 5535
3WPmedium_1DBmedium , userreader , 0020 , 26.6 , 128 , 0 , 5320 , 0 , 424
3WPmedium_1DBmedium , userreader , 0040 , 47.07964601769911 , 257 , 0 , 10640 , 0 , 713
3WPmedium_1DBmedium , userreader , 0060 , 57.82608695652174 , 452 , 0 , 15960 , 0 , 1373
3WPmedium_1DBmedium , userreader , 0080 , 63.9039039039039 , 684 , 0 , 21280 , 0 , 2126
3WPmedium_1DBmedium , userreader , 0100 , 67.51269035532995 , 958 , 0 , 26600 , 0 , 2993
3WPmedium_1DBmedium , userreader , 0120 , 68.49785407725322 , 1233 , 0 , 31920 , 0 , 3868
3WPmedium_1DBmedium , userreader , 0140 , 70.86692015209125 , 1490 , 0 , 37276 , 0 , 4786
3WPmedium_1DBmedium , userreader , 0160 , 72.26101694915255 , 1725 , 24 , 42634 , .05629309940423136463 , 5602
3WPmedium_1DBmedium , userreader , 0180 , 75.5813953488372 , 1706 , 223 , 45500 , .49010989010989010989 , 6131
3WPmedium_1DBmedium , userreader , 0200 , 75.52588996763754 , 1908 , 605 , 46675 , 1.29619710765934654525 , 6555
3WPmedium_1DBmedium , userreader , 0220 , 78.06412478336222 , 1844 , 1141 , 45043 , 2.53313500432919654552 , 6616
3WPmedium_1DBmedium , userreader , 0240 , 81.68372943327239 , 1811 , 1678 , 44681 , 3.75551129115283901434 , 6466
3WPmedium_1DBmedium , userreader , 0260 , 83.69507575757575 , 1827 , 2163 , 44191 , 4.89466180896562648503 , 6434
3WPmedium_1DBmedium , userreader , 0280 , 85.21124031007751 , 1718 , 2636 , 43969 , 5.99513293456753621869 , 6469
3WPmedium_1DBmedium , userreader , 0300 , 89.52066115702479 , 1678 , 3136 , 43328 , 7.23781388478581979320 , 6353
3WPmedium_1DBmedium , userreader , 0320 , 89.97325102880659 , 1668 , 3533 , 43727 , 8.07967617261646122532 , 6358
3WPmedium_1DBmedium , userreader , 0340 , 92.52830188679245 , 1639 , 3963 , 44136 , 8.97906470908102229472 , 6242
3WPmedium_1DBmedium , userreader , 0360 , 95.46451612903226 , 1617 , 4390 , 44391 , 9.88939199387263183978 , 6188
3WPmedium_1DBmedium , userreader , 0380 , 96.16455696202532 , 1654 , 4737 , 45582 , 10.39226010267210741082 , 6215
3WPmedium_1DBmedium , userreader , 0400 , 98.01048218029351 , 1782 , 5098 , 46751 , 10.90457958118542918868 , 6296
1WPmedium_1DBlarge , author , 0020 , 30.368217054263567 , 116 , 17 , 7835 , .21697511167836630504 , 344
1WPmedium_1DBlarge , author , 0040 , 58.2962962962963 , 196 , 34 , 15740 , .21601016518424396442 , 683
1WPmedium_1DBlarge , author , 0060 , 75.96666666666667 , 523 , 40 , 25069 , .15955961546132673820 , 1142
1WPmedium_1DBlarge , author , 0080 , 79.64805825242719 , 1080 , 60 , 32815 , .18284321194575651378 , 1905
1WPmedium_1DBlarge , author , 0100 , 75.93761814744802 , 1814 , 239 , 40171 , .59495656070299469766 , 3109
1WPmedium_1DBlarge , author , 0120 , 76.730421686747 , 2225 , 208 , 50949 , .40825138864354550629 , 3748
1WPmedium_1DBlarge , author , 0140 , 73.04922279792746 , 2605 , 643 , 56394 , 1.14019221903039330425 , 4486
1WPmedium_1DBlarge , author , 0160 , 78.91293213828425 , 2754 , 2649 , 61631 , 4.29816163943470006977 , 4966
1WPmedium_1DBlarge , author , 0180 , 81.33838973162193 , 2899 , 3118 , 69707 , 4.47300844965354985869 , 5296
1WPmedium_1DBlarge , author , 0200 , 82.10828025477707 , 3238 , 4463 , 77346 , 5.77017557469035244227 , 6216
1WPmedium_1DBlarge , author , 0220 , 85.32843137254902 , 3172 , 5203 , 87035 , 5.97805480553800195323 , 5982
1WPmedium_1DBlarge , author , 0240 , 92.30010277492292 , 3096 , 7085 , 89808 , 7.88905220024942098699 , 6112
1WPmedium_1DBlarge , author , 0260 , 95.32118226600986 , 3103 , 9764 , 96751 , 10.09188535519012723382 , 6067
1WPmedium_1DBlarge , author , 0280 , 96.40883977900552 , 3231 , 10856 , 104700 , 10.36867239732569245463 , 6356
1WPmedium_1DBlarge , author , 0300 , 95.76782608695652 , 3309 , 11887 , 110133 , 10.79331353908456139395 , 6475
1WPmedium_1DBlarge , author , 0320 , 99.67332754126846 , 3230 , 16081 , 114724 , 14.01711934730309263972 , 6329
1WPmedium_1DBlarge , author , 0340 , 98.88324066719619 , 3244 , 13977 , 124494 , 11.22704708660658344980 , 6460
1WPmedium_1DBlarge , author , 0360 , 98.92921810699589 , 3218 , 15687 , 120199 , 13.05085732826396226258 , 6571
1WPmedium_1DBlarge , author , 0380 , 107.47112211221122 , 3109 , 17865 , 130255 , 13.71540439906337568615 , 6392
1WPmedium_1DBlarge , author , 0400 , 106.972049689441 , 3232 , 18687 , 137780 , 13.56292640441283205109 , 6941
1WPmedium_1DBlarge , editor , 0020 , 27.177033492822968 , 146 , 0 , 5680 , 0 , 420
1WPmedium_1DBlarge , editor , 0040 , 50.94170403587444 , 228 , 0 , 11360 , 0 , 727
1WPmedium_1DBlarge , editor , 0060 , 62.87822878228782 , 673 , 0 , 17040 , 0 , 1245
1WPmedium_1DBlarge , editor , 0080 , 66.62756598240469 , 1404 , 0 , 22720 , 0 , 2077
1WPmedium_1DBlarge , editor , 0100 , 65.89327146171694 , 2063 , 21 , 28400 , .07394366197183098591 , 3046
1WPmedium_1DBlarge , editor , 0120 , 66.20118343195266 , 2554 , 397 , 33564 , 1.18281492074842092718 , 3914
1WPmedium_1DBlarge , editor , 0140 , 67.48537005163512 , 2886 , 976 , 39209 , 2.48922441276237598510 , 4736
1WPmedium_1DBlarge , editor , 0160 , 67.28767123287672 , 3164 , 1174 , 44208 , 2.65562794064422728917 , 5217
1WPmedium_1DBlarge , editor , 0180 , 71.2439024390244 , 3350 , 1995 , 49657 , 4.01756046478844875848 , 5623
1WPmedium_1DBlarge , editor , 0200 , 70.18969849246231 , 3502 , 2353 , 55871 , 4.21148717581571835120 , 5877
1WPmedium_1DBlarge , editor , 0220 , 76.18424396442185 , 3479 , 3647 , 59957 , 6.08269259636072518638 , 6062
1WPmedium_1DBlarge , editor , 0240 , 82.71805006587616 , 3689 , 6226 , 62783 , 9.91669719510058455314 , 6481
1WPmedium_1DBlarge , editor , 0260 , 83.25245098039215 , 3458 , 6457 , 67934 , 9.50481349545146760090 , 6380
1WPmedium_1DBlarge , editor , 0280 , 86.61004784688996 , 3641 , 7717 , 72406 , 10.65795652294008783802 , 6469
1WPmedium_1DBlarge , editor , 0300 , 84.30030333670373 , 3936 , 10636 , 83373 , 12.75712760725894474230 , 7284
1WPmedium_1DBlarge , editor , 0320 , 87.00751879699249 , 3752 , 8854 , 81004 , 10.93032442842328773887 , 6780
1WPmedium_1DBlarge , editor , 0340 , 102.02902055622732 , 3458 , 14463 , 84378 , 17.14072388537296451681 , 6493
1WPmedium_1DBlarge , editor , 0360 , 100.07078651685393 , 3475 , 14796 , 89063 , 16.61295936584215667561 , 6563
1WPmedium_1DBlarge , editor , 0380 , 92.50687622789783 , 3769 , 12403 , 94172 , 13.17058148918999277917 , 7200
1WPmedium_1DBlarge , editor , 0400 , 93.45063538611926 , 3643 , 12897 , 95600 , 13.49058577405857740585 , 6885
1WPmedium_1DBlarge , shopmanager , 0020 , 31.55862068965517 , 107 , 18 , 9152 , .19667832167832167832 , 346
1WPmedium_1DBlarge , shopmanager , 0040 , 64.32 , 154 , 32 , 19296 , .16583747927031509121 , 559
1WPmedium_1DBlarge , shopmanager , 0060 , 81.83240223463687 , 458 , 47 , 29296 , .16043145821955215729 , 1052
1WPmedium_1DBlarge , shopmanager , 0080 , 85.00888888888889 , 967 , 66 , 38254 , .17253097715271605583 , 1766
1WPmedium_1DBlarge , shopmanager , 0100 , 80.6233108108108 , 1627 , 99 , 47729 , .20742106476146577552 , 2789
1WPmedium_1DBlarge , shopmanager , 0120 , 80.60589060308556 , 2070 , 602 , 57472 , 1.04746659242761692650 , 3622
1WPmedium_1DBlarge , shopmanager , 0140 , 79.79551122194513 , 2369 , 1951 , 63996 , 3.04862803925245327832 , 4300
1WPmedium_1DBlarge , shopmanager , 0160 , 79.77730646871686 , 2695 , 1861 , 75230 , 2.47374717532899109397 , 4996
1WPmedium_1DBlarge , shopmanager , 0180 , 82.98951781970649 , 2791 , 4170 , 79172 , 5.26701359066336583640 , 5248
1WPmedium_1DBlarge , shopmanager , 0200 , 83.79124236252545 , 2937 , 5327 , 82283 , 6.47399827424862972910 , 5486
1WPmedium_1DBlarge , shopmanager , 0220 , 90.32697547683924 , 2913 , 7670 , 99450 , 7.71241830065359477124 , 5746
1WPmedium_1DBlarge , shopmanager , 0240 , 89.9390243902439 , 3088 , 8087 , 103250 , 7.83244552058111380145 , 6039
1WPmedium_1DBlarge , shopmanager , 0260 , 95.39870340356563 , 3020 , 9372 , 117722 , 7.96112876097925621379 , 6014
1WPmedium_1DBlarge , shopmanager , 0280 , 88.72222222222223 , 3328 , 10465 , 111790 , 9.36130244207889793362 , 6381
1WPmedium_1DBlarge , shopmanager , 0300 , 96.75078864353313 , 3192 , 12827 , 122680 , 10.45565699380502119334 , 6341
1WPmedium_1DBlarge , shopmanager , 0320 , 102.84786053882726 , 3200 , 16366 , 129794 , 12.60921151979290259950 , 6335
1WPmedium_1DBlarge , shopmanager , 0340 , 106.36086607858861 , 3069 , 20812 , 132632 , 15.69153748718258037276 , 6255
1WPmedium_1DBlarge , shopmanager , 0360 , 104.01522070015221 , 3192 , 18361 , 136676 , 13.43396060756826363077 , 6340
1WPmedium_1DBlarge , shopmanager , 0380 , 106.37722419928825 , 3141 , 21904 , 149460 , 14.65542620099023150006 , 6473
1WPmedium_1DBlarge , shopmanager , 0400 , 107.34318334452652 , 3186 , 22123 , 159834 , 13.84123528160466483977 , 6609
1WPmedium_1DBlarge , userreader , 0020 , 26.96969696969697 , 149 , 0 , 5340 , 0 , 517
1WPmedium_1DBlarge , userreader , 0040 , 51.100478468899524 , 237 , 0 , 10680 , 0 , 738
1WPmedium_1DBlarge , userreader , 0060 , 62.578125 , 706 , 0 , 16020 , 0 , 1258
1WPmedium_1DBlarge , userreader , 0080 , 66.95924764890282 , 1374 , 0 , 21360 , 0 , 2089
1WPmedium_1DBlarge , userreader , 0100 , 67.50886075949367 , 1984 , 57 , 26666 , .21375534388359708992 , 2993
1WPmedium_1DBlarge , userreader , 0120 , 67.31932773109244 , 2550 , 111 , 32044 , .34639870178504556235 , 4086
1WPmedium_1DBlarge , userreader , 0140 , 70.33333333333333 , 2839 , 688 , 36925 , 1.86323628977657413676 , 4767
1WPmedium_1DBlarge , userreader , 0160 , 73.52753108348135 , 3012 , 1550 , 41396 , 3.74432312300705382162 , 5178
1WPmedium_1DBlarge , userreader , 0180 , 71.8009188361409 , 3282 , 1769 , 46886 , 3.77298127372776521776 , 5536
1WPmedium_1DBlarge , userreader , 0200 , 76.58761329305136 , 3469 , 2833 , 50701 , 5.58766099287982485552 , 6176
1WPmedium_1DBlarge , userreader , 0220 , 79.11484593837535 , 3533 , 4193 , 56488 , 7.42281546523155360430 , 6237
1WPmedium_1DBlarge , userreader , 0240 , 84.10752688172043 , 3679 , 7356 , 62576 , 11.75530554845308105343 , 6744
1WPmedium_1DBlarge , userreader , 0260 , 85.80814717477004 , 3471 , 7318 , 65300 , 11.20673813169984686064 , 6267
1WPmedium_1DBlarge , userreader , 0280 , 84.04935370152761 , 3562 , 7115 , 71526 , 9.94743170315689399658 , 6576
1WPmedium_1DBlarge , userreader , 0300 , 87.75172413793103 , 3713 , 9317 , 76344 , 12.20397149743267316357 , 6750
1WPmedium_1DBlarge , userreader , 0320 , 94.96190476190476 , 3577 , 11431 , 79768 , 14.33030789288937919967 , 6679
1WPmedium_1DBlarge , userreader , 0340 , 92.14907508161045 , 3853 , 9999 , 84685 , 11.80728582393576194131 , 7444
1WPmedium_1DBlarge , userreader , 0360 , 95.975 , 3518 , 10952 , 84458 , 12.96739207653508252622 , 6733
1WPmedium_1DBlarge , userreader , 0380 , 98.08724100327154 , 3633 , 12406 , 89946 , 13.79272007649033864763 , 6817
1WPmedium_1DBlarge , userreader , 0400 , 104.1539338654504 , 3609 , 15112 , 91343 , 16.54423436935506825919 , 6914
2WPmedium_1DBlarge , author , 0020 , 32.05078125 , 100 , 12 , 8205 , .14625228519195612431 , 254
2WPmedium_1DBlarge , author , 0040 , 62.467924528301886 , 132 , 27 , 16554 , .16310257339615802827 , 441
2WPmedium_1DBlarge , author , 0060 , 87.5354609929078 , 183 , 46 , 24685 , .18634798460603605428 , 640
2WPmedium_1DBlarge , author , 0080 , 110.93624161073825 , 212 , 64 , 33059 , .19359327263377597628 , 729
2WPmedium_1DBlarge , author , 0100 , 119.52071005917159 , 378 , 81 , 40398 , .20050497549383632853 , 1132
2WPmedium_1DBlarge , author , 0120 , 128.8503937007874 , 550 , 90 , 49092 , .18332925934979222683 , 1391
2WPmedium_1DBlarge , author , 0140 , 130.6082949308756 , 875 , 110 , 56684 , .19405828805306612095 , 1854
2WPmedium_1DBlarge , author , 0160 , 131.1361788617886 , 1210 , 123 , 64519 , .19064151645251786295 , 2280
2WPmedium_1DBlarge , author , 0180 , 133.4836956521739 , 1509 , 204 , 73683 , .27686169129921420137 , 2754
2WPmedium_1DBlarge , author , 0200 , 134.6727272727273 , 1853 , 251 , 81477 , .30806239797734329933 , 3206
2WPmedium_1DBlarge , author , 0220 , 133.13353566009104 , 2141 , 506 , 87735 , .57673676411922265914 , 3618
2WPmedium_1DBlarge , author , 0240 , 135.79944289693594 , 2466 , 461 , 97504 , .47280111585165736790 , 4086
2WPmedium_1DBlarge , author , 0260 , 133.87612903225806 , 2774 , 586 , 103754 , .56479750178306378549 , 4397
2WPmedium_1DBlarge , author , 0280 , 132.40162037037038 , 3039 , 887 , 114395 , .77538353949036234101 , 5064
2WPmedium_1DBlarge , author , 0300 , 135.26688815060908 , 3272 , 1046 , 122146 , .85635223421151736446 , 5294
2WPmedium_1DBlarge , author , 0320 , 139.78189749182116 , 3220 , 3771 , 128180 , 2.94195662349820564830 , 5260
2WPmedium_1DBlarge , author , 0340 , 133.40949554896142 , 3674 , 3523 , 134877 , 2.61200946047139245386 , 6355
2WPmedium_1DBlarge , author , 0360 , 135.5187969924812 , 3778 , 2518 , 144192 , 1.74628273413226808699 , 6269
2WPmedium_1DBlarge , author , 0380 , 140.2352380952381 , 3866 , 4134 , 147247 , 2.80752748782657711192 , 6690
2WPmedium_1DBlarge , author , 0400 , 138.7889667250438 , 4267 , 5837 , 158497 , 3.68271954674220963172 , 7538
2WPmedium_1DBlarge , editor , 0020 , 27.281553398058254 , 111 , 0 , 5620 , 0 , 243
2WPmedium_1DBlarge , editor , 0040 , 53.27014218009479 , 159 , 0 , 11240 , 0 , 416
2WPmedium_1DBlarge , editor , 0060 , 76.63636363636364 , 200 , 0 , 16860 , 0 , 523
2WPmedium_1DBlarge , editor , 0080 , 96.48068669527898 , 248 , 0 , 22480 , 0 , 671
2WPmedium_1DBlarge , editor , 0100 , 108.4942084942085 , 422 , 0 , 28100 , 0 , 944
2WPmedium_1DBlarge , editor , 0120 , 113.15436241610739 , 753 , 0 , 33720 , 0 , 1350
2WPmedium_1DBlarge , editor , 0140 , 116.73590504451039 , 1098 , 0 , 39340 , 0 , 1808
2WPmedium_1DBlarge , editor , 0160 , 119.8 , 1457 , 5 , 44925 , .01112966054535336672 , 2232
2WPmedium_1DBlarge , editor , 0180 , 120.51913875598086 , 1839 , 32 , 50377 , .06352105127339857474 , 2694
2WPmedium_1DBlarge , editor , 0200 , 121.4304347826087 , 2136 , 105 , 55858 , .18797665508969171828 , 3070
2WPmedium_1DBlarge , editor , 0220 , 121.46732673267327 , 2478 , 165 , 61341 , .26898811561598278476 , 3607
2WPmedium_1DBlarge , editor , 0240 , 123.96660482374769 , 2717 , 431 , 66818 , .64503576880481307432 , 3831
2WPmedium_1DBlarge , editor , 0260 , 121.52941176470588 , 2969 , 387 , 72310 , .53519568524408795463 , 4276
2WPmedium_1DBlarge , editor , 0280 , 119.25840978593273 , 3284 , 512 , 77995 , .65645233668824924674 , 5322
2WPmedium_1DBlarge , editor , 0300 , 119.5945558739255 , 3436 , 797 , 83477 , .95475400409693688081 , 5398
2WPmedium_1DBlarge , editor , 0320 , 124.28531468531469 , 3675 , 1081 , 88864 , 1.21646561037090385307 , 5697
2WPmedium_1DBlarge , editor , 0340 , 125.97863818424567 , 3636 , 1656 , 94358 , 1.75501812246974289408 , 5554
2WPmedium_1DBlarge , editor , 0360 , 126.31297709923665 , 4055 , 1946 , 99282 , 1.96007332648415624181 , 6422
2WPmedium_1DBlarge , editor , 0380 , 129.36206896551724 , 4243 , 3121 , 105042 , 2.97119247539079606252 , 6855
2WPmedium_1DBlarge , editor , 0400 , 127.04919908466819 , 4649 , 3629 , 111041 , 3.26816221035473383705 , 7913
2WPmedium_1DBlarge , shopmanager , 0020 , 33.34364261168385 , 93 , 18 , 9703 , .18550963619499123982 , 264
2WPmedium_1DBlarge , shopmanager , 0040 , 63.02325581395349 , 134 , 36 , 18970 , .18977332630469161834 , 444
2WPmedium_1DBlarge , shopmanager , 0060 , 93.71835443037975 , 159 , 44 , 29615 , .14857335809555968259 , 565
2WPmedium_1DBlarge , shopmanager , 0080 , 117.46200607902736 , 191 , 63 , 38645 , .16302238323198343899 , 704
2WPmedium_1DBlarge , shopmanager , 0100 , 132.29395604395606 , 316 , 87 , 48155 , .18066659744574810507 , 960
2WPmedium_1DBlarge , shopmanager , 0120 , 139.27634660421546 , 556 , 93 , 59471 , .15637873921743370718 , 1374
2WPmedium_1DBlarge , shopmanager , 0140 , 144.46088794926004 , 788 , 119 , 68330 , .17415483682130835650 , 1746
2WPmedium_1DBlarge , shopmanager , 0160 , 148.32637571157494 , 1048 , 138 , 78168 , .17654283082591341725 , 2134
2WPmedium_1DBlarge , shopmanager , 0180 , 146.64548494983276 , 1401 , 174 , 87694 , .19841722352726526330 , 2808
2WPmedium_1DBlarge , shopmanager , 0200 , 147.47286821705427 , 1608 , 315 , 95120 , .33116063919259882253 , 2950
2WPmedium_1DBlarge , shopmanager , 0220 , 151.19247467438495 , 1827 , 595 , 104474 , .56951968910925206271 , 3292
2WPmedium_1DBlarge , shopmanager , 0240 , 147.06398996235885 , 2361 , 455 , 117210 , .38819213377698148622 , 4318
2WPmedium_1DBlarge , shopmanager , 0260 , 148.5616113744076 , 2491 , 807 , 125386 , .64361252452426905715 , 4224
2WPmedium_1DBlarge , shopmanager , 0280 , 145.25588865096358 , 2703 , 1101 , 135669 , .81153395396147977798 , 4730
2WPmedium_1DBlarge , shopmanager , 0300 , 149.53250773993807 , 2826 , 1551 , 144897 , 1.07041553655355183337 , 4819
2WPmedium_1DBlarge , shopmanager , 0320 , 150.42182890855457 , 2992 , 3207 , 152979 , 2.09636616790539878022 , 5035
2WPmedium_1DBlarge , shopmanager , 0340 , 150.55882352941177 , 3240 , 2410 , 163808 , 1.47123461613596405547 , 5449
2WPmedium_1DBlarge , shopmanager , 0360 , 148.59478260869565 , 3476 , 4023 , 170884 , 2.35422859951780154958 , 5997
2WPmedium_1DBlarge , shopmanager , 0380 , 150.12645590682197 , 3576 , 3162 , 180452 , 1.75226653071176822645 , 6299
2WPmedium_1DBlarge , shopmanager , 0400 , 150.28087167070217 , 3925 , 7039 , 186198 , 3.78038432206575795658 , 7040
2WPmedium_1DBlarge , userreader , 0020 , 26.20689655172414 , 200 , 0 , 5320 , 0 , 930
2WPmedium_1DBlarge , userreader , 0040 , 52.93532338308458 , 175 , 0 , 10640 , 0 , 397
2WPmedium_1DBlarge , userreader , 0060 , 76.73076923076923 , 203 , 0 , 15960 , 0 , 539
2WPmedium_1DBlarge , userreader , 0080 , 94.57777777777778 , 323 , 0 , 21280 , 0 , 781
2WPmedium_1DBlarge , userreader , 0100 , 101.52671755725191 , 577 , 0 , 26600 , 0 , 1237
2WPmedium_1DBlarge , userreader , 0120 , 110.06896551724138 , 800 , 0 , 31920 , 0 , 1571
2WPmedium_1DBlarge , userreader , 0140 , 114.93827160493827 , 1138 , 0 , 37240 , 0 , 1929
2WPmedium_1DBlarge , userreader , 0160 , 121.79369627507164 , 1411 , 9 , 42506 , .02117348139086246647 , 2219
2WPmedium_1DBlarge , userreader , 0180 , 123.59067357512953 , 1734 , 31 , 47706 , .06498134406573596612 , 2694
2WPmedium_1DBlarge , userreader , 0200 , 125.07328605200945 , 2111 , 56 , 52906 , .10584810796507012437 , 3186
2WPmedium_1DBlarge , userreader , 0220 , 126.85807860262008 , 2307 , 111 , 58101 , .19104662570351629059 , 3320
2WPmedium_1DBlarge , userreader , 0240 , 127.6875 , 2621 , 166 , 63333 , .26210664266654035021 , 3901
2WPmedium_1DBlarge , userreader , 0260 , 126.4520295202952 , 2826 , 284 , 68537 , .41437471730598071114 , 4215
2WPmedium_1DBlarge , userreader , 0280 , 126.16952054794521 , 3159 , 450 , 73683 , .61072431904238426774 , 4917
2WPmedium_1DBlarge , userreader , 0300 , 123.87599364069952 , 3260 , 804 , 77918 , 1.03185400035935213942 , 5410
2WPmedium_1DBlarge , userreader , 0320 , 126.44161676646706 , 3583 , 905 , 84463 , 1.07147508376448859263 , 5899
2WPmedium_1DBlarge , userreader , 0340 , 126.59745762711864 , 3754 , 1443 , 89631 , 1.60993406299159888877 , 6494
2WPmedium_1DBlarge , userreader , 0360 , 131.44382801664355 , 3822 , 1606 , 94771 , 1.69461122073208048875 , 6249
2WPmedium_1DBlarge , userreader , 0380 , 128.55212355212356 , 4186 , 1748 , 99885 , 1.75001251439155028282 , 7008
2WPmedium_1DBlarge , userreader , 0400 , 137.28496732026144 , 4123 , 2714 , 105023 , 2.58419584281538329699 , 7029
3WPmedium_1DBlarge , author , 0020 , 33.40625 , 101 , 15 , 8552 , .17539756782039289055 , 282
3WPmedium_1DBlarge , author , 0040 , 59.53731343283582 , 130 , 32 , 15956 , .20055151667084482326 , 404
3WPmedium_1DBlarge , author , 0060 , 89.32851985559567 , 142 , 46 , 24744 , .18590365341092790171 , 530
3WPmedium_1DBlarge , author , 0080 , 103.20454545454545 , 221 , 65 , 31787 , .20448611067417497719 , 835
3WPmedium_1DBlarge , author , 0100 , 119.23631123919309 , 305 , 73 , 41375 , .17643504531722054380 , 1160
3WPmedium_1DBlarge , author , 0120 , 130.355091383812 , 369 , 83 , 49926 , .16624604414533509594 , 1460
3WPmedium_1DBlarge , author , 0140 , 135.0308788598575 , 498 , 109 , 56848 , .19173937517590768364 , 1843
3WPmedium_1DBlarge , author , 0160 , 134.5761316872428 , 659 , 136 , 65404 , .20793835239434896948 , 2379
3WPmedium_1DBlarge , author , 0180 , 135.88640595903166 , 784 , 208 , 72971 , .28504474380233243343 , 2864
3WPmedium_1DBlarge , author , 0200 , 139.27399650959862 , 892 , 409 , 79804 , .51250563881509698761 , 3217
3WPmedium_1DBlarge , author , 0220 , 142.8752107925801 , 1022 , 742 , 84725 , .87577456476836825022 , 3470
3WPmedium_1DBlarge , author , 0240 , 144.64975450081832 , 1150 , 1123 , 88381 , 1.27063509125264479922 , 3744
3WPmedium_1DBlarge , author , 0260 , 145.63402889245586 , 1227 , 1700 , 90730 , 1.87369117160806789375 , 3910
3WPmedium_1DBlarge , author , 0280 , 150.36700336700338 , 1173 , 2268 , 89318 , 2.53924181016144562126 , 3759
3WPmedium_1DBlarge , author , 0300 , 160.3344768439108 , 1173 , 2727 , 93475 , 2.91735758224124097352 , 3661
3WPmedium_1DBlarge , author , 0320 , 161.4887737478411 , 1260 , 3527 , 93502 , 3.77211182648499497336 , 3998
3WPmedium_1DBlarge , author , 0340 , 163.2679509632224 , 1234 , 3890 , 93226 , 4.17265569690858773303 , 3684
3WPmedium_1DBlarge , author , 0360 , 154.7856071964018 , 1738 , 3711 , 103242 , 3.59446736793165572150 , 4945
3WPmedium_1DBlarge , author , 0380 , 155.42050520059436 , 1751 , 4834 , 104598 , 4.62150327922140002676 , 5466
3WPmedium_1DBlarge , author , 0400 , 160.41489361702128 , 1717 , 5882 , 105553 , 5.57255596714446770816 , 5191
3WPmedium_1DBlarge , editor , 0020 , 27.342995169082126 , 128 , 0 , 5660 , 0 , 319
3WPmedium_1DBlarge , editor , 0040 , 53.14553990610329 , 153 , 0 , 11320 , 0 , 359
3WPmedium_1DBlarge , editor , 0060 , 76.14349775784753 , 188 , 0 , 16980 , 0 , 508
3WPmedium_1DBlarge , editor , 0080 , 95.52742616033755 , 228 , 0 , 22640 , 0 , 634
3WPmedium_1DBlarge , editor , 0100 , 108.42911877394636 , 325 , 0 , 28300 , 0 , 928
3WPmedium_1DBlarge , editor , 0120 , 121.28571428571429 , 384 , 0 , 33960 , 0 , 1191
3WPmedium_1DBlarge , editor , 0140 , 125.37974683544304 , 561 , 0 , 39620 , 0 , 1626
3WPmedium_1DBlarge , editor , 0160 , 127.01404494382022 , 779 , 9 , 45217 , .01990401840015923214 , 2088
3WPmedium_1DBlarge , editor , 0180 , 130.3298969072165 , 902 , 38 , 50568 , .07514633760480936560 , 2457
3WPmedium_1DBlarge , editor , 0200 , 133.88480392156862 , 1085 , 183 , 54625 , .33501144164759725400 , 2724
3WPmedium_1DBlarge , editor , 0220 , 136.71728971962617 , 1205 , 338 , 58515 , .57762966760659659916 , 3103
3WPmedium_1DBlarge , editor , 0240 , 139.32413793103447 , 1264 , 667 , 60606 , 1.10055110055110055110 , 3193
3WPmedium_1DBlarge , editor , 0260 , 141.26681614349775 , 1478 , 912 , 63005 , 1.44750416633600507896 , 3334
3WPmedium_1DBlarge , editor , 0280 , 141.04310344827587 , 1682 , 1174 , 65444 , 1.79390012835401259091 , 3515
3WPmedium_1DBlarge , editor , 0300 , 143.4352441613588 , 1873 , 1497 , 67558 , 2.21587376772550993220 , 3719
3WPmedium_1DBlarge , editor , 0320 , 142.7175257731959 , 1960 , 1825 , 69218 , 2.63659741685688693692 , 3823
3WPmedium_1DBlarge , editor , 0340 , 139.20231213872833 , 2151 , 2098 , 72246 , 2.90396700163330841845 , 4370
3WPmedium_1DBlarge , editor , 0360 , 136.64440433212997 , 2138 , 2547 , 75701 , 3.36455264791746476268 , 5230
3WPmedium_1DBlarge , editor , 0380 , 139.65896980461812 , 2079 , 3213 , 78628 , 4.08633056926285801495 , 5190
3WPmedium_1DBlarge , editor , 0400 , 136.60409556313994 , 2064 , 4258 , 80050 , 5.31917551530293566520 , 5299
3WPmedium_1DBlarge , shopmanager , 0020 , 32.48620689655172 , 104 , 17 , 9421 , .18044793546332661076 , 353
3WPmedium_1DBlarge , shopmanager , 0040 , 62.376666666666665 , 128 , 34 , 18713 , .18169187196066905359 , 431
3WPmedium_1DBlarge , shopmanager , 0060 , 92.134375 , 159 , 49 , 29483 , .16619746972831801377 , 569
3WPmedium_1DBlarge , shopmanager , 0080 , 115.56586826347305 , 185 , 65 , 38599 , .16839814502966398093 , 756
3WPmedium_1DBlarge , shopmanager , 0100 , 132.48773841961852 , 241 , 80 , 48623 , .16453118894350410299 , 1001
3WPmedium_1DBlarge , shopmanager , 0120 , 144.4529702970297 , 327 , 100 , 58359 , .17135317603111773676 , 1306
3WPmedium_1DBlarge , shopmanager , 0140 , 146.25757575757575 , 460 , 115 , 67571 , .17019135427920261650 , 1930
3WPmedium_1DBlarge , shopmanager , 0160 , 145.10467289719625 , 603 , 152 , 77631 , .19579807035849080908 , 2331
3WPmedium_1DBlarge , shopmanager , 0180 , 152.84285714285716 , 733 , 247 , 85592 , .28857837181044957472 , 2673
3WPmedium_1DBlarge , shopmanager , 0200 , 138.74877650897227 , 889 , 791 , 85053 , .93000834773611747968 , 2778
3WPmedium_1DBlarge , shopmanager , 0220 , 152.7766990291262 , 918 , 944 , 94416 , .99983053719708523978 , 3065
3WPmedium_1DBlarge , shopmanager , 0240 , 146.66819571865443 , 1047 , 1432 , 95921 , 1.49289519500422222453 , 3220
3WPmedium_1DBlarge , shopmanager , 0260 , 149.74 , 1064 , 2062 , 97331 , 2.11854393769713657519 , 3193
3WPmedium_1DBlarge , shopmanager , 0280 , 149.71617647058824 , 1212 , 2391 , 101807 , 2.34856149380690915163 , 3440
3WPmedium_1DBlarge , shopmanager , 0300 , 158.32388059701492 , 1290 , 2792 , 106077 , 2.63205030308172365357 , 3470
3WPmedium_1DBlarge , shopmanager , 0320 , 147.02263083451203 , 1555 , 3413 , 103945 , 3.28346721824041560440 , 3707
3WPmedium_1DBlarge , shopmanager , 0340 , 153.61173184357543 , 1615 , 3795 , 109986 , 3.45043914680050188205 , 3892
3WPmedium_1DBlarge , shopmanager , 0360 , 145.5201958384333 , 1841 , 4041 , 118890 , 3.39894019682059046177 , 4949
3WPmedium_1DBlarge , shopmanager , 0380 , 137.83551847437425 , 1735 , 5357 , 115644 , 4.63231987824703400089 , 5203
3WPmedium_1DBlarge , shopmanager , 0400 , 163.41335044929397 , 1679 , 6402 , 127299 , 5.02910470624278273984 , 5151
3WPmedium_1DBlarge , userreader , 0020 , 26.07843137254902 , 247 , 0 , 5320 , 0 , 915
3WPmedium_1DBlarge , userreader , 0040 , 52.93532338308458 , 148 , 0 , 10640 , 0 , 333
3WPmedium_1DBlarge , userreader , 0060 , 76.36363636363636 , 192 , 0 , 15960 , 0 , 481
3WPmedium_1DBlarge , userreader , 0080 , 95 , 251 , 0 , 21280 , 0 , 684
3WPmedium_1DBlarge , userreader , 0100 , 106.4 , 385 , 0 , 26600 , 0 , 1025
3WPmedium_1DBlarge , userreader , 0120 , 115.2346570397112 , 524 , 0 , 31920 , 0 , 1441
3WPmedium_1DBlarge , userreader , 0140 , 120.51779935275081 , 681 , 0 , 37240 , 0 , 1829
3WPmedium_1DBlarge , userreader , 0160 , 126.20178041543026 , 842 , 5 , 42530 , .01175640724194686103 , 2207
3WPmedium_1DBlarge , userreader , 0180 , 130.36712328767123 , 949 , 35 , 47584 , .07355413584398117014 , 2489
3WPmedium_1DBlarge , userreader , 0200 , 133.9820512820513 , 1037 , 96 , 52253 , .18372150881289112586 , 2881
3WPmedium_1DBlarge , userreader , 0220 , 137.1563275434243 , 1193 , 289 , 55274 , .52284980280059340738 , 3110
3WPmedium_1DBlarge , userreader , 0240 , 138.31084337349398 , 1278 , 566 , 57399 , .98607989686231467447 , 3282
3WPmedium_1DBlarge , userreader , 0260 , 143.58133971291866 , 1420 , 803 , 60017 , 1.33795424629688254994 , 3327
3WPmedium_1DBlarge , userreader , 0280 , 145.6898148148148 , 1587 , 1054 , 62938 , 1.67466395500333661698 , 3485
3WPmedium_1DBlarge , userreader , 0300 , 147.79633867276888 , 1740 , 1353 , 64587 , 2.09484880858377072785 , 3643
3WPmedium_1DBlarge , userreader , 0320 , 148.13824884792626 , 1770 , 1793 , 64292 , 2.78883842468736390219 , 3656
3WPmedium_1DBlarge , userreader , 0340 , 147.06304347826088 , 1911 , 2016 , 67649 , 2.98008839746337713787 , 4005
3WPmedium_1DBlarge , userreader , 0360 , 141.3692614770459 , 1988 , 2281 , 70826 , 3.22056871770253861576 , 5005
3WPmedium_1DBlarge , userreader , 0380 , 143.05598455598457 , 2021 , 2891 , 74103 , 3.90132653198925819467 , 5377
3WPmedium_1DBlarge , userreader , 0400 , 134.08274647887325 , 2065 , 3803 , 76159 , 4.99350043986922097191 , 5501
1WPmedium_1DBlarge , mixturea , 040 , 41.542857142857144 , 158 , 26 , 15994 , .16256096036013505064 , 624
1WPmedium_1DBlarge , mixturea , 080 , 71.71360381861575 , 999 , 51 , 30048 , .16972843450479233226 , 1774
1WPmedium_1DBlarge , mixturea , 120 , 75.9286871961102 , 2091 , 143 , 46848 , .30524248633879781420 , 3706
1WPmedium_1DBlarge , mixturea , 160 , 78.11891891891892 , 2606 , 2231 , 57808 , 3.85932742872958760033 , 4850
1WPmedium_1DBlarge , mixturea , 200 , 83.60758082497213 , 2909 , 3292 , 74996 , 4.38956744359699183956 , 5626
1WPmedium_1DBlarge , mixturea , 240 , 85.15826612903226 , 3136 , 8033 , 84477 , 9.50909715070374184689 , 5867
1WPmedium_1DBlarge , mixturea , 280 , 92.59404990403071 , 3139 , 11857 , 96483 , 12.28921157095032285480 , 6082
1WPmedium_1DBlarge , mixturea , 320 , 98.84402852049911 , 3058 , 12724 , 110903 , 11.47308909587657682839 , 6154
1WPmedium_1DBlarge , mixturea , 360 , 101.43026204564666 , 3155 , 14399 , 119992 , 11.99996666444429628641 , 6431
1WPmedium_1DBlarge , mixturea , 400 , 102.73930921052632 , 3353 , 18817 , 124931 , 15.06191417662549727449 , 6933
1WPmedium_1DBlarge , mixtureb , 040 , 36.236979166666664 , 223 , 15 , 13915 , .10779734099892202659 , 779
1WPmedium_1DBlarge , mixtureb , 080 , 64.31422018348624 , 1066 , 31 , 28041 , .11055240540636924503 , 1976
1WPmedium_1DBlarge , mixtureb , 120 , 73.31625441696113 , 2035 , 305 , 41497 , .73499289105236523122 , 3572
1WPmedium_1DBlarge , mixtureb , 160 , 74.43134535367545 , 2623 , 1370 , 53665 , 2.55287431286685921923 , 4991
1WPmedium_1DBlarge , mixtureb , 200 , 85.10112359550561 , 2815 , 4877 , 68166 , 7.15459319895549100724 , 5349
1WPmedium_1DBlarge , mixtureb , 240 , 91.54063604240282 , 2958 , 9599 , 77718 , 12.35106410355387426336 , 5856
1WPmedium_1DBlarge , mixtureb , 280 , 90.55879396984925 , 3136 , 8976 , 90106 , 9.96160078130202206290 , 6095
1WPmedium_1DBlarge , mixtureb , 320 , 96.17980769230769 , 3090 , 10187 , 100027 , 10.18425025243184340228 , 6176
1WPmedium_1DBlarge , mixtureb , 360 , 95.18405428329092 , 3285 , 11341 , 112222 , 10.10586159576553616937 , 6558
1WPmedium_1DBlarge , mixtureb , 400 , 99.64309484193012 , 3286 , 15458 , 119771 , 12.90629618188042180494 , 6528
2WPmedium_1DBlarge , mixturea , 040 , 43.142857142857146 , 165 , 23 , 16610 , .13847080072245635159 , 890
2WPmedium_1DBlarge , mixturea , 080 , 93.45731707317073 , 179 , 45 , 30654 , .14679976512037580739 , 609
2WPmedium_1DBlarge , mixturea , 120 , 110.36699507389163 , 556 , 72 , 44809 , .16068200584703965721 , 1464
2WPmedium_1DBlarge , mixturea , 160 , 122.2544731610338 , 1117 , 93 , 61494 , .15123426675773246170 , 2336
2WPmedium_1DBlarge , mixturea , 200 , 133.60558464223385 , 1694 , 167 , 76556 , .21814096870264904122 , 2939
2WPmedium_1DBlarge , mixturea , 240 , 133.3614814814815 , 2129 , 350 , 90019 , .38880680745176018396 , 3632
2WPmedium_1DBlarge , mixturea , 280 , 129.59313725490196 , 2689 , 724 , 105748 , .68464651813745886447 , 4427
2WPmedium_1DBlarge , mixturea , 320 , 137.22763306908269 , 3091 , 1267 , 121172 , 1.04562110058429340111 , 5152
2WPmedium_1DBlarge , mixturea , 360 , 139.21421215242017 , 3369 , 2846 , 135177 , 2.10538775087477899346 , 5753
2WPmedium_1DBlarge , mixturea , 400 , 138.8712962962963 , 3780 , 3403 , 149981 , 2.26895406751521859435 , 6807
2WPmedium_1DBlarge , mixtureb , 040 , 46 , 127 , 18 , 17802 , .10111223458038422649 , 390
2WPmedium_1DBlarge , mixtureb , 080 , 82.94578313253012 , 254 , 33 , 27538 , .11983441063258043430 , 854
2WPmedium_1DBlarge , mixtureb , 120 , 105.26785714285714 , 512 , 53 , 41265 , .12843814370531927783 , 1318
2WPmedium_1DBlarge , mixtureb , 160 , 113.68507157464212 , 1201 , 69 , 55592 , .12411857821269247373 , 2362
2WPmedium_1DBlarge , mixtureb , 200 , 124.30965391621129 , 1764 , 132 , 68246 , .19341792925592708730 , 3092
2WPmedium_1DBlarge , mixtureb , 240 , 125.86697247706422 , 2215 , 277 , 82317 , .33650400281837287559 , 3637
2WPmedium_1DBlarge , mixtureb , 280 , 127.75067385444744 , 2807 , 648 , 94791 , .68360920340538658733 , 4704
2WPmedium_1DBlarge , mixtureb , 320 , 136.2330827067669 , 2935 , 2001 , 108714 , 1.84060930514929079971 , 4974
2WPmedium_1DBlarge , mixtureb , 360 , 132.89154013015184 , 3285 , 2011 , 122526 , 1.64128429884269461175 , 5605
2WPmedium_1DBlarge , mixtureb , 400 , 137.0177865612648 , 3827 , 3000 , 138662 , 2.16353434971369228772 , 6987
3WPmedium_1DBlarge , mixturea , 040 , 45.06201550387597 , 137 , 20 , 17439 , .11468547508458053787 , 542
3WPmedium_1DBlarge , mixturea , 080 , 97.75157232704403 , 172 , 53 , 31085 , .17050024127392633102 , 574
3WPmedium_1DBlarge , mixturea , 120 , 119.2401055408971 , 366 , 75 , 45192 , .16595857673924588422 , 1320
3WPmedium_1DBlarge , mixturea , 160 , 135.1048034934498 , 591 , 103 , 61878 , .16645657584278742040 , 1991
3WPmedium_1DBlarge , mixturea , 200 , 137.72201492537314 , 971 , 231 , 73819 , .31292756607377504436 , 2785
3WPmedium_1DBlarge , mixturea , 240 , 143.73675213675213 , 1165 , 776 , 84086 , .92286468615465119044 , 3545
3WPmedium_1DBlarge , mixturea , 280 , 146.82421227197347 , 1283 , 1634 , 88535 , 1.84559778618625402383 , 3658
3WPmedium_1DBlarge , mixturea , 320 , 155.72268907563026 , 1298 , 2570 , 92655 , 2.77373050563919917975 , 3675
3WPmedium_1DBlarge , mixturea , 360 , 156.68867924528303 , 1568 , 3343 , 99654 , 3.35460694001244305296 , 4616
3WPmedium_1DBlarge , mixturea , 400 , 155.36257309941521 , 1779 , 5107 , 106268 , 4.80577408062634094929 , 5265
3WPmedium_1DBlarge , mixtureb , 040 , 38.2 , 185 , 19 , 14707 , .12919018154620248861 , 593
3WPmedium_1DBlarge , mixtureb , 080 , 82.19584569732937 , 228 , 30 , 27700 , .10830324909747292418 , 673
3WPmedium_1DBlarge , mixtureb , 120 , 108.03636363636363 , 339 , 50 , 41594 , .12020964562196470644 , 1241
3WPmedium_1DBlarge , mixtureb , 160 , 118.48590021691975 , 634 , 69 , 54622 , .12632272710629416718 , 2138
3WPmedium_1DBlarge , mixtureb , 200 , 132.53757225433526 , 874 , 194 , 68787 , .28203003474493727012 , 2749
3WPmedium_1DBlarge , mixtureb , 240 , 137.3974820143885 , 1202 , 686 , 76393 , .89798803555299569332 , 3338
3WPmedium_1DBlarge , mixtureb , 280 , 149.41952983725136 , 1153 , 1419 , 82629 , 1.71731474421813164869 , 3355
3WPmedium_1DBlarge , mixtureb , 320 , 151.03676470588235 , 1288 , 2429 , 82164 , 2.95628255683754442334 , 3652
3WPmedium_1DBlarge , mixtureb , 360 , 150.506309148265 , 1776 , 2683 , 95421 , 2.81175003405958856017 , 4914
3WPmedium_1DBlarge , mixtureb , 400 , 158.12333333333333 , 1766 , 4843 , 94874 , 5.10466513481038008305 , 5112
1WPmedium_1DBmedium , mixturea , 040 , 13.315512708150745 , 1901 , 25 , 15193 , .16454946356874876587 , 5789
1WPmedium_1DBmedium , mixturea , 080 , 25.588737201365188 , 2144 , 53 , 29990 , .17672557519173057685 , 6030
1WPmedium_1DBmedium , mixturea , 120 , 32.60084925690021 , 3572 , 104 , 46065 , .22576793661131010528 , 7248
1WPmedium_1DBmedium , mixturea , 160 , 37.190132370637784 , 5047 , 726 , 61810 , 1.17456722213234104513 , 8794
1WPmedium_1DBmedium , mixturea , 200 , 40.837620578778136 , 5696 , 4818 , 76203 , 6.32258572497145781662 , 9946
1WPmedium_1DBmedium , mixturea , 240 , 43.825 , 5973 , 8375 , 89403 , 9.36769459637819759963 , 10839
1WPmedium_1DBmedium , mixturea , 280 , 43.93859649122807 , 6241 , 13655 , 95171 , 14.34785806600750228536 , 11438
1WPmedium_1DBmedium , mixturea , 320 , 46.65309898242368 , 6136 , 16611 , 100864 , 16.46871034263959390862 , 11774
1WPmedium_1DBmedium , mixturea , 360 , 50.13903002309469 , 5993 , 19448 , 108551 , 17.91600261628174774990 , 11981
1WPmedium_1DBmedium , mixturea , 400 , 51.7379679144385 , 5959 , 23792 , 106425 , 22.35564951844021611463 , 12229
1WPmedium_1DBmedium , mixtureb , 040 , 12.223222322232223 , 1974 , 18 , 13580 , .13254786450662739322 , 5873
1WPmedium_1DBmedium , mixtureb , 080 , 23.52980132450331 , 2475 , 30 , 28424 , .10554461018857303687 , 6274
1WPmedium_1DBmedium , mixtureb , 120 , 30.008670520231213 , 3704 , 48 , 41532 , .11557353366079167870 , 7341
1WPmedium_1DBmedium , mixtureb , 160 , 34.56633291614518 , 5194 , 808 , 55237 , 1.46278762423737712040 , 8986
1WPmedium_1DBmedium , mixtureb , 200 , 40.188743604320635 , 5543 , 6298 , 70692 , 8.90907033327674984439 , 10018
1WPmedium_1DBmedium , mixtureb , 240 , 42.75719518576661 , 5759 , 8660 , 81709 , 10.59858767088080872364 , 10508
1WPmedium_1DBmedium , mixtureb , 280 , 43.80390195097549 , 5958 , 10391 , 87564 , 11.86674889223881960623 , 11212
1WPmedium_1DBmedium , mixtureb , 320 , 46.033414043583534 , 5927 , 14912 , 95059 , 15.68709959078046266003 , 11671
1WPmedium_1DBmedium , mixtureb , 360 , 49.358104738154616 , 5934 , 19674 , 98963 , 19.88015723048007841314 , 11876
1WPmedium_1DBmedium , mixtureb , 400 , 47.96321726336439 , 5893 , 20117 , 97797 , 20.57016063887440310029 , 12115
2WPmedium_1DBmedium , mixturea , 040 , 13.33868092691622 , 1900 , 26 , 14966 , .17372711479353200587 , 5808
2WPmedium_1DBmedium , mixturea , 080 , 26.563268892794376 , 1888 , 51 , 30229 , .16871216381620298388 , 5906
2WPmedium_1DBmedium , mixturea , 120 , 38.03174603174603 , 2067 , 75 , 45524 , .16474826465161233635 , 6287
2WPmedium_1DBmedium , mixturea , 160 , 50.62066115702479 , 2090 , 143 , 61251 , .23346557607222739220 , 6513
2WPmedium_1DBmedium , mixturea , 200 , 57.4367816091954 , 2058 , 815 , 69958 , 1.16498470510877955344 , 6375
2WPmedium_1DBmedium , mixturea , 240 , 59.786557674841056 , 2053 , 2338 , 65825 , 3.55184200531712875047 , 6078
2WPmedium_1DBmedium , mixturea , 280 , 54.03021718602455 , 1919 , 4213 , 57218 , 7.36306756615051207661 , 5968
2WPmedium_1DBmedium , mixturea , 320 , 52.057377049180324 , 2164 , 5745 , 50808 , 11.30727444496929617383 , 6494
2WPmedium_1DBmedium , mixturea , 360 , 53.23141361256545 , 1591 , 6969 , 50836 , 13.70878904713195373357 , 5548
2WPmedium_1DBmedium , mixturea , 400 , 55.56900212314225 , 1642 , 8051 , 52346 , 15.38035379971726588469 , 5538
2WPmedium_1DBmedium , mixtureb , 040 , 12.318018018018018 , 1949 , 16 , 13673 , .11701894244130768668 , 5842
2WPmedium_1DBmedium , mixtureb , 080 , 24.493794326241133 , 1971 , 35 , 27629 , .12667848999239929060 , 6067
2WPmedium_1DBmedium , mixtureb , 120 , 34.806694560669456 , 2112 , 69 , 41594 , .16588931095831129489 , 6414
2WPmedium_1DBmedium , mixtureb , 160 , 44.41337630942788 , 2243 , 103 , 55117 , .18687519277174011647 , 6896
2WPmedium_1DBmedium , mixtureb , 200 , 50.898009950248756 , 2214 , 832 , 61383 , 1.35542414023426681654 , 6634
2WPmedium_1DBmedium , mixtureb , 240 , 52.30762411347518 , 1998 , 2222 , 59003 , 3.76591020795552768503 , 6081
2WPmedium_1DBmedium , mixtureb , 280 , 51.121414913957935 , 2448 , 3733 , 53473 , 6.98109326202008490266 , 6996
2WPmedium_1DBmedium , mixtureb , 320 , 56.04137235116045 , 1920 , 4746 , 55537 , 8.54565424851900534778 , 5923
2WPmedium_1DBmedium , mixtureb , 360 , 54.32781456953642 , 1678 , 6286 , 49221 , 12.77097173970459763109 , 5641
2WPmedium_1DBmedium , mixtureb , 400 , 52.44736842105263 , 1730 , 7270 , 49825 , 14.59106874059207225288 , 5682
3WPmedium_1DBmedium , mixturea , 040 , 13.990134529147982 , 1863 , 37 , 15599 , .23719469196743380985 , 5804
3WPmedium_1DBmedium , mixturea , 080 , 26.982547993019196 , 1885 , 47 , 30922 , .15199534312140223788 , 5908
3WPmedium_1DBmedium , mixturea , 120 , 38.06411323896753 , 1931 , 110 , 45715 , .24062124029312041999 , 6162
3WPmedium_1DBmedium , mixturea , 160 , 48.975060337892195 , 2122 , 157 , 60876 , .25790130757605624548 , 6725
3WPmedium_1DBmedium , mixturea , 200 , 56.959765297569156 , 2000 , 964 , 67953 , 1.41862758082792518358 , 6414
3WPmedium_1DBmedium , mixturea , 240 , 57.379942140790746 , 1747 , 2878 , 59503 , 4.83673092113002705745 , 5848
3WPmedium_1DBmedium , mixturea , 280 , 50 , 1761 , 4592 , 52050 , 8.82228626320845341018 , 5742
3WPmedium_1DBmedium , mixturea , 320 , 56.1764705882353 , 1625 , 5949 , 50615 , 11.75343277684480885113 , 5570
3WPmedium_1DBmedium , mixturea , 360 , 52.487404162102955 , 1630 , 7124 , 47921 , 14.86613384528703491162 , 5624
3WPmedium_1DBmedium , mixturea , 400 , 49.268672199170126 , 1721 , 8295 , 47495 , 17.46499631540162122328 , 5677
3WPmedium_1DBmedium , mixtureb , 040 , 12.825116279069768 , 1911 , 18 , 13787 , .13055777181402770726 , 5803
3WPmedium_1DBmedium , mixtureb , 080 , 25.2 , 1861 , 26 , 28602 , .09090273407454024194 , 5877
3WPmedium_1DBmedium , mixtureb , 120 , 34.06297229219144 , 2148 , 51 , 40569 , .12571175035125342009 , 6430
3WPmedium_1DBmedium , mixtureb , 160 , 44.97829581993569 , 2165 , 115 , 55953 , .20552964094865333404 , 6851
3WPmedium_1DBmedium , mixtureb , 200 , 50.74683544303797 , 2361 , 940 , 60135 , 1.56314958011141598071 , 7533
3WPmedium_1DBmedium , mixtureb , 240 , 50.749063670411985 , 1751 , 2618 , 54200 , 4.83025830258302583025 , 5870
3WPmedium_1DBmedium , mixtureb , 280 , 47.41682070240296 , 1821 , 3858 , 51305 , 7.51973491862391579768 , 5838
3WPmedium_1DBmedium , mixtureb , 320 , 49.712486883525706 , 1752 , 5290 , 47376 , 11.16599121918270854441 , 5773
3WPmedium_1DBmedium , mixtureb , 360 , 46.38151425762045 , 1778 , 6309 , 47170 , 13.37502649989400042399 , 5849
3WPmedium_1DBmedium , mixtureb , 400 , 50.69126819126819 , 1825 , 7292 , 48765 , 14.95334768789090536245 , 5817
